# Pin Out For LIFCL-40,,,,,,,,,,,,
# Revision 0.9,,,,,,,,,,,,
"# Revised Sept, 24, 2019",,,,,,,,,,,,
# Revision 1.0,,,,,,,,,,,,
"# Revised Sept, 24, 2019",,,,,,,,,,,,
"# Revision 1.1, May 20, 2020",,,,,,,,,,,,
"#  - Added CSFBGA121, CABGA256 packages",,,,,,,,,,,,
"# Revision 1.2,Oct 26, 2020",,,,,,,,,,,,
#  - Removed references to PMU,,,,,,,,,,,,
"# Revision 1.21, December 29, 2020",,,,,,,,,,,,
# - Removed reference of PMU_EXT_CLK,,,,,,,,,,,,
,,,,,,,,,,,,
PADN,Pin/Ball Funcion,CUST_NAME,BANK,Dual Function,LVDS,HIGHSPEED,DQS,CABGA400,CSBGA289,QFN72,CSFBGA121,CABGA256
1,VSS,-,-,-,-,-,,-,-,-,-,-
2,NC,-,-,-,-,-,,-,-,-,-,-
3,NC,-,-,-,-,-,,-,-,-,-,-
4,VCCPLL_ULC,VCC,-,-,-,-,,-,-,5,-,-
5,VCC,-,-,-,-,-,,-,-,5,-,-
6,VCC,-,-,-,-,-,,-,-,6,-,-
7,NC,-,-,-,-,-,,-,-,-,-,-
8,NC,-,-,-,-,-,,-,-,-,-,-
9,NC,-,-,-,-,-,,-,-,-,-,-
10,NC,-,-,-,-,-,,-,-,-,-,-
11,VSS,-,-,-,-,-,,-,-,-,-,-
14,NC,-,-,-,-,-,,-,-,-,-,-
15,VCC,-,-,-,-,-,,-,-,6,-,-
16,VSSIO7,VSS,-,-,-,-,,-,-,-,-,-
19,NC,-,-,-,-,-,,-,-,-,-,-
20,VCCIO7,-,7,-,-,-,,-,-,-,-,-
23,NC,-,-,-,-,-,,-,-,-,-,-
24,VSS,-,-,-,-,-,,-,-,-,-,-
25,NC,-,-,-,-,-,,-,-,-,-,-
26,VCCAUXA,VCCAUX,-,-,-,-,,-,-,7,-,-
27,NC,-,-,-,-,-,,-,-,-,-,-
28,NC,-,-,-,-,-,,-,-,-,-,-
29,VCCAUX,-,-,-,-,-,,-,-,7,-,-
30,NC,-,-,-,-,-,,-,-,-,-,-
31,NC,-,-,-,-,-,,-,-,-,-,-
32,PL8A,-,7,-,True_OF_PL8B,-,,D4,-,-,-,-
33,PL8B,-,7,-,Comp_OF_PL8A,-,,D3,-,-,-,-
34,NC,-,-,-,-,-,,-,-,-,-,-
35,VSS,-,-,-,-,-,,-,-,-,-,-
36,VSS,-,-,-,-,-,,-,-,-,-,-
37,PL10A,-,7,-,True_OF_PL10B,-,,E10,-,-,-,-
38,PL10B,-,7,-,Comp_OF_PL10A,-,,E9,-,-,-,-
39,VCCIO7,-,7,-,-,-,,-,-,-,-,-
40,VCC,-,-,-,-,-,,-,-,-,-,-
41,VSSIO7,VSS,-,-,-,-,,-,-,-,-,-
42,NC,-,-,-,-,-,,-,-,-,-,-
43,PL11A,-,7,-,True_OF_PL11B,-,,E7,-,-,-,-
44,PL11B,-,7,-,Comp_OF_PL11A,-,,E8,-,-,-,-
45,VSS,-,-,-,-,-,,-,-,-,-,-
46,NC,-,-,-,-,-,,-,-,-,-,-
47,VCC,-,-,-,-,-,,-,-,-,-,-
48,NC,-,-,-,-,-,,-,-,-,-,-
49,PL13A,-,7,-,True_OF_PL13B,-,,E4,E5,-,-,-
50,PL13B,-,7,-,Comp_OF_PL13A,-,,E3,E4,-,-,-
51,VSS,-,-,-,-,-,,-,-,-,-,-
52,VSS,-,-,-,-,-,,-,-,-,-,-
53,PL15A,-,7,-,True_OF_PL15B,-,,E2,F7,-,-,-
54,PL15B,-,7,-,Comp_OF_PL15A,-,,F1,F6,-,-,-
55,VCC,-,-,-,-,-,,-,-,-,-,-
56,VCC,-,-,-,-,-,,-,-,-,-,-
59,NC,-,-,-,-,-,,-,-,-,-,-
60,VSSIO7,VSS,-,-,-,-,,-,-,-,-,-
61,NC,-,-,-,-,-,,-,-,-,-,-
62,NC,-,-,-,-,-,,-,-,-,-,-
63,VCCIO7,-,7,-,-,-,,-,-,-,-,-
66,NC,-,-,-,-,-,,-,-,-,-,-
67,VSS,-,-,-,-,-,,-,-,-,-,-
68,NC,-,-,-,-,-,,-,-,-,-,-
69,VCCAUX,-,-,-,-,-,,-,-,-,-,-
71,PL20B,-,7,-,Comp_OF_PL20A,-,,K4,H8,-,-,-
72,NC,-,-,-,-,-,,-,-,-,-,-
73,VSS,-,-,-,-,-,,-,-,-,-,-
76,VCCIO6,-,6,-,-,-,,-,-,-,-,-
77,VSSIO6,VSS,-,-,-,-,,-,-,-,-,-
78,NC,-,-,-,-,-,,-,-,-,-,-
81,NC,-,-,-,-,-,,-,-,-,-,-
82,NC,-,-,-,-,-,,-,-,-,-,-
83,VSS,-,-,-,-,-,,-,-,-,-,-
86,NC,-,-,-,-,-,,-,-,-,-,-
87,VCC,-,-,-,-,-,,-,-,-,-,-
88,NC,-,-,-,-,-,,-,-,-,-,-
91,VSS,-,-,-,-,-,,-,-,-,-,-
92,NC,-,-,-,-,-,,-,-,-,-,-
93,VSS,-,-,-,-,-,,-,-,-,-,-
94,VCC,-,-,-,-,-,,-,-,-,-,-
95,VCC,-,-,-,-,-,,-,-,-,-,-
98,NC,-,-,-,-,-,,-,-,-,-,-
99,VSSIO6,VSS,-,-,-,-,,-,-,-,-,-
100,NC,-,-,-,-,-,,-,-,-,-,-
101,NC,-,-,-,-,-,,-,-,-,-,-
102,VCCIO6,-,6,-,-,-,,-,-,-,-,-
105,NC,-,-,-,-,-,,-,-,-,-,-
106,NC,-,-,-,-,-,,-,-,-,-,-
107,VSS,-,-,-,-,-,,-,-,-,-,-
108,NC,-,-,-,-,-,,-,-,-,-,-
109,VCCAUX,-,-,-,-,-,,-,-,-,-,-
112,VSS,-,-,-,-,-,,-,-,-,-,-
113,NC,-,-,-,-,-,,-,-,-,-,-
114,VSS,-,-,-,-,-,,-,-,-,-,-
117,VCC,-,-,-,-,-,,-,-,-,-,-
118,NC,-,-,-,-,-,,-,-,-,-,-
119,VCCIO6,-,6,-,-,-,,-,-,-,-,-
120,NC,-,-,-,-,-,,-,-,-,-,-
121,VSSIO6,VSS,-,-,-,-,,-,-,-,-,-
122,NC,-,-,-,-,-,,-,-,-,-,-
125,NC,-,-,-,-,-,,-,-,-,-,-
126,NC,-,-,-,-,-,,-,-,-,-,-
127,VSS,-,-,-,-,-,,-,-,-,-,-
128,NC,-,-,-,-,-,,-,-,-,-,-
131,VCC,-,-,-,-,-,,-,-,-,-,-
132,NC,-,-,-,-,-,,-,-,-,-,-
133,VSS,-,-,-,-,-,,-,-,-,-,-
134,PL44A,-,6,-,True_OF_PL44B,-,,P1,M3,-,-,-
135,PL44B,-,6,-,Comp_OF_PL44A,-,,P2,M4,-,-,-
136,VSS,-,-,-,-,-,,-,-,-,-,-
137,VCC,-,-,-,-,-,,-,-,-,-,-
138,VCC,-,-,-,-,-,,-,-,-,-,-
141,VSSIO6,VSS,-,-,-,-,,-,-,-,-,-
142,NC,-,-,-,-,-,,-,-,-,-,-
143,NC,-,-,-,-,-,,-,-,-,-,-
144,VCCIO6,-,6,-,-,-,,-,-,-,-,-
147,VSS,-,-,-,-,-,,-,-,-,-,-
148,NC,-,-,-,-,-,,-,-,-,-,-
151,VCCAUX,-,-,-,-,-,,-,-,-,-,-
152,NC,-,-,-,-,-,,-,-,-,-,-
153,NC,-,-,-,-,-,,-,-,-,-,-
154,VCCPLL_LLC,VCC,-,-,-,-,,-,-,12,-,-
155,VSS,-,-,-,-,-,,-,-,-,-,-
156,NC,-,-,-,-,-,,-,-,-,-,-
157,NC,-,-,-,-,-,,-,-,-,-,-
158,VSS,-,-,-,-,-,,-,-,-,-,-
159,NC,-,-,-,-,-,,-,-,-,-,-
160,NC,-,-,-,-,-,,-,-,-,-,-
161,VCCCDR,VCC,-,-,-,-,,-,-,12,-,-
162,VCCECLK,VCC,-,-,-,-,,-,-,12,-,-
163,NC,-,-,-,-,-,,-,-,-,-,-
164,NC,-,-,-,-,-,,-,-,-,-,-
165,VCCECLK,VCC,-,-,-,-,,-,-,-,-,-
166,NC,-,-,-,-,-,,-,-,-,-,-
167,NC,-,-,-,-,-,,-,-,-,-,-
168,NC,-,-,-,-,-,,-,-,-,-,-
169,NC,-,-,-,-,-,,-,-,-,-,-
170,NC,-,-,-,-,-,,-,-,-,-,-
171,NC,-,-,-,-,-,,-,-,-,-,-
172,VCCAUXH5,VCCAUX,5,-,-,-,,-,-,17,-,-
174,NC,-,-,-,-,-,,-,-,-,-,-
175,NC,-,-,-,-,-,,-,-,-,-,-
176,NC,-,-,-,-,-,,-,-,-,-,-
177,VSS,-,-,-,-,-,,-,-,-,-,-
180,NC,-,-,-,-,-,,-,-,-,-,-
181,NC,-,-,-,-,-,,-,-,-,-,-
182,NC,-,-,-,-,-,,-,-,-,-,-
183,NC,-,-,-,-,-,,-,-,-,-,-
184,VCCIO5,-,5,-,-,-,,-,-,18,-,-
185,NC,-,-,-,-,-,,-,-,-,-,-
188,NC,-,-,-,-,-,,-,-,-,-,-
189,VSSIO5,VSS,-,-,-,-,,-,-,-,-,-
192,NC,-,-,-,-,-,,-,-,-,-,-
193,NC,-,-,-,-,-,,-,-,-,-,-
194,NC,-,-,-,-,-,,-,-,-,-,-
195,NC,-,-,-,-,-,,-,-,-,-,-
196,VSS,-,-,-,-,-,,-,-,-,-,-
197,NC,-,-,-,-,-,,-,-,-,-,-
198,NC,-,-,-,-,-,,-,-,-,-,-
201,VSS,-,-,-,-,-,,-,-,-,-,-
202,VCC,-,-,-,-,-,,-,-,21,-,-
203,NC,-,-,-,-,-,,-,-,-,-,-
204,VCC,-,-,-,-,-,,-,-,-,-,-
206,VSSIO5,VSS,-,-,-,-,,-,-,-,-,-
207,VCCAUXH5,VCCAUX,5,-,-,-,,-,-,-,-,-
208,NC,-,-,-,-,-,,-,-,-,-,-
209,NC,-,-,-,-,-,,-,-,-,-,-
210,VCCIO5,-,5,-,-,-,,-,-,-,-,-
211,NC,-,-,-,-,-,,-,-,-,-,-
212,NC,-,-,-,-,-,,-,-,-,-,-
214,VCCAUXH4,VCCAUX,4,-,-,-,,-,-,-,-,-
217,VSS,-,-,-,-,-,,-,-,-,-,-
218,NC,-,-,-,-,-,,-,-,-,-,-
219,NC,-,-,-,-,-,,-,-,-,-,-
220,NC,-,-,-,-,-,,-,-,-,-,-
221,NC,-,-,-,-,-,,-,-,-,-,-
223,VSS,-,-,-,-,-,,-,-,-,-,-
224,VCCIO4,-,4,-,-,-,,-,-,-,-,-
226,NC,-,-,-,-,-,,-,-,-,-,-
227,NC,-,-,-,-,-,,-,-,-,-,-
228,VSSIO4,VSS,-,-,-,-,,-,-,-,-,-
230,VCC,-,-,-,-,-,,-,-,-,-,-
232,VCC,-,-,-,-,-,,-,-,21,-,-
233,NC,-,-,-,-,-,,-,-,-,-,-
234,NC,-,-,-,-,-,,-,-,-,-,-
237,VSS,-,-,-,-,-,,-,-,-,-,-
238,NC,-,-,-,-,-,,-,-,-,-,-
239,NC,-,-,-,-,-,,-,-,-,-,-
242,VCC,-,-,-,-,-,,-,-,21,-,-
243,VSS,-,-,-,-,-,,-,-,-,-,-
245,VSSIO4,VSS,-,-,-,-,,-,-,-,-,-
247,NC,-,-,-,-,-,,-,-,-,-,-
248,VCCECLK,VCC,-,-,-,-,,-,-,21,-,-
249,VCCIO4,-,4,-,-,-,,-,-,-,-,-
250,NC,-,-,-,-,-,,-,-,-,-,-
253,VSS,-,-,-,-,-,,-,-,-,-,-
255,NC,-,-,-,-,-,,-,-,-,-,-
256,NC,-,-,-,-,-,,-,-,-,-,-
258,VCCAUXH4,VCCAUX,4,-,-,-,,-,-,-,-,-
261,VSS,-,-,-,-,-,,-,-,-,-,-
262,NC,-,-,-,-,-,,-,-,-,-,-
263,NC,-,-,-,-,-,,-,-,-,-,-
265,VSS,-,-,-,-,-,,-,-,-,-,-
266,VCCIO4,-,4,-,-,-,,-,-,-,-,-
268,VSSIO4,VSS,-,-,-,-,,-,-,-,-,-
269,VCC,-,-,-,-,-,,-,-,21,-,-
272,NC,-,-,-,-,-,,-,-,-,-,-
273,NC,-,-,-,-,-,,-,-,-,-,-
274,VCC,-,-,-,-,-,,-,-,-,-,-
275,NC,-,-,-,-,-,,-,-,-,-,-
278,VSS,-,-,-,-,-,,-,-,-,-,-
279,NC,-,-,-,-,-,,-,-,-,-,-
280,NC,-,-,-,-,-,,-,-,-,-,-
281,NC,-,-,-,-,-,,-,-,-,-,-
284,VCC,-,-,-,-,-,,-,-,-,-,-
285,VSS,-,-,-,-,-,,-,-,-,-,-
287,VSSIO4,VSS,-,-,-,-,,-,-,-,-,-
288,VCC,-,-,-,-,-,,-,-,-,-,-
290,VCCIO4,-,4,-,-,-,,-,-,-,-,-
291,NC,-,-,-,-,-,,-,-,-,-,-
292,NC,-,-,-,-,-,,-,-,-,-,-
295,NC,-,-,-,-,-,,-,-,-,-,-
296,VSS,-,-,-,-,-,,-,-,-,-,-
297,NC,-,-,-,-,-,,-,-,-,-,-
299,NC,-,-,-,-,-,,-,-,-,-,-
301,NC,-,-,-,-,-,,-,-,-,-,-
302,NC,-,-,-,-,-,,-,-,-,-,-
303,VCCAUXH3,VCCAUX,3,-,-,-,,-,-,-,-,-
306,NC,-,-,-,-,-,,-,-,-,-,-
307,VSS,-,-,-,-,-,,-,-,-,-,-
308,NC,-,-,-,-,-,,-,-,-,-,-
309,NC,-,-,-,-,-,,-,-,-,-,-
311,VCCIO3,-,3,-,-,-,,-,-,26,-,-
313,NC,-,-,-,-,-,,-,-,-,-,-
314,VSS,-,-,-,-,-,,-,-,-,-,-
315,VSSIO3,VSS,-,-,-,-,,-,-,-,-,-
318,NC,-,-,-,-,-,,-,-,-,-,-
319,VCC,-,-,-,-,-,,-,-,-,-,-
320,VCC,-,-,-,-,-,,-,-,-,-,-
321,NC,-,-,-,-,-,,-,-,-,-,-
322,NC,-,-,-,-,-,,-,-,-,-,-
325,NC,-,-,-,-,-,,-,-,-,-,-
326,VSS,-,-,-,-,-,,-,-,-,-,-
327,NC,-,-,-,-,-,,-,-,-,-,-
328,NC,-,-,-,-,-,,-,-,-,-,-
331,VCC,-,-,-,-,-,,-,-,-,-,-
332,VSS,-,-,-,-,-,,-,-,-,-,-
333,NC,-,-,-,-,-,,-,-,-,-,-
335,VSSIO3,VSS,-,-,-,-,,-,-,-,-,-
336,NC,-,-,-,-,-,,-,-,-,-,-
337,VCCECLK,VCC,-,-,-,-,,-,-,-,-,-
339,NC,-,-,-,-,-,,-,-,-,-,-
340,VCCIO3,-,3,-,-,-,,-,-,-,-,-
341,NC,-,-,-,-,-,,-,-,-,-,-
344,NC,-,-,-,-,-,,-,-,-,-,-
345,VSS,-,-,-,-,-,,-,-,-,-,-
347,NC,-,-,-,-,-,,-,-,-,-,-
348,NC,-,-,-,-,-,,-,-,-,-,-
350,VCCAUXH3,VCCAUX,3,-,-,-,,-,-,29,-,-
353,NC,-,-,-,-,-,,-,-,-,-,-
354,VSS,-,-,-,-,-,,-,-,-,-,-
355,NC,-,-,-,-,-,,-,-,-,-,-
356,NC,-,-,-,-,-,,-,-,-,-,-
357,NC,-,-,-,-,-,,-,-,-,-,-
359,VCCIO3,-,3,-,-,-,,-,-,32,-,-
361,VCC,-,-,-,-,-,,-,-,-,-,-
362,VSSIO3,VSS,-,-,-,-,,-,-,-,-,-
365,VSS,-,-,-,-,-,,-,-,-,-,-
366,VCC,-,-,-,-,-,,-,-,35,-,-
367,NC,-,-,-,-,-,,-,-,-,-,-
368,NC,-,-,-,-,-,,-,-,-,-,-
371,VSS,-,-,-,-,-,,-,-,-,-,-
372,NC,-,-,-,-,-,,-,-,-,-,-
373,NC,-,-,-,-,-,,-,-,-,-,-
374,NC,-,-,-,-,-,,-,-,-,-,-
377,VCC,-,-,-,-,-,,-,-,35,-,-
378,VCC,-,-,-,-,-,,-,-,-,-,-
379,NC,-,-,-,-,-,,-,-,-,-,-
381,VSSIO3,VSS,-,-,-,-,,-,-,-,-,-
382,NC,-,-,-,-,-,,-,-,-,-,-
384,VSS,-,-,-,-,-,,-,-,-,-,-
385,NC,-,-,-,-,-,,-,-,-,-,-
386,NC,-,-,-,-,-,,-,-,-,-,-
387,VCCIO3,-,3,-,-,-,,-,-,-,-,-
388,NC,-,-,-,-,-,,-,-,-,-,-
389,NC,-,-,-,-,-,,-,-,-,-,-
392,NC,-,-,-,-,-,,-,-,-,-,-
393,VSS,-,-,-,-,-,,-,-,-,-,-
394,NC,-,-,-,-,-,,-,-,-,-,-
396,NC,-,-,-,-,-,,-,-,-,-,-
397,NC,-,-,-,-,-,,-,-,-,-,-
398,VCCECLK,VCC,-,-,-,-,,-,-,38,-,-
399,VCCECLK,VCC,-,-,-,-,,-,-,38,-,-
400,VCC,-,-,-,-,-,,-,-,35,-,-
401,VCCADC,-,-,-,-,-,,-,-,38,-,-
402,NC,-,-,-,-,-,,-,-,-,-,-
403,NC,-,-,-,-,-,,-,-,-,-,-
404,NC,-,-,-,-,-,,-,-,-,-,-
405,NC,-,-,-,-,-,,-,-,-,-,-
409,NC,-,-,-,-,-,,-,-,-,-,-
410,NC,-,-,-,-,-,,-,-,-,-,-
411,VCCPLL_LRC,VCC,-,-,-,-,,-,-,38,-,-
412,VSS,-,-,-,-,-,,-,-,-,-,-
413,NC,-,-,-,-,-,,-,-,-,-,-
414,VSSADC,-,70,-,-,-,,-,-,-,-,-
415,VCCADC18,-,70,-,-,-,,-,-,39,-,-
416,NC,-,-,-,-,-,,-,-,-,-,-
420,NC,-,-,-,-,-,,-,-,-,-,-
421,NC,-,-,-,-,-,,-,-,-,-,-
422,NC,-,-,-,-,-,,-,-,-,-,-
423,NC,-,-,-,-,-,,-,-,-,-,-
424,VCCAUX,-,-,-,-,-,,-,-,-,-,-
425,NC,-,-,-,-,-,,-,-,-,-,-
426,NC,-,-,-,-,-,,-,-,-,-,-
427,PR49A,-,2,-,True_OF_PR49B,-,,W19,L13,-,-,-
428,PR49B,-,2,-,Comp_OF_PR49A,-,,Y19,L12,-,-,-
429,VSS,-,-,-,-,-,,-,-,-,-,-
430,PR47A,-,2,-,True_OF_PR47B,-,,V18,L11,-,-,-
431,PR47B,-,2,-,Comp_OF_PR47A,-,,V19,L10,-,-,-
432,VCCIO2,-,2,-,-,-,,-,-,-,-,-
433,NC,-,-,-,-,-,,-,-,-,-,-
434,NC,-,-,-,-,-,,-,-,-,-,-
435,VSSIO2,VSS,-,-,-,-,,-,-,-,-,-
436,PR46A,-,2,-,True_OF_PR46B,-,,T18,K11,-,-,-
437,PR46B,-,2,-,Comp_OF_PR46A,-,,U18,K10,-,-,-
438,VCC,-,-,-,-,-,,-,-,40,-,-
439,VCC,-,-,-,-,-,,-,-,40,-,-
440,PR44A,-,2,-,True_OF_PR44B,-,,W20,K17,-,-,-
441,PR44B,-,2,-,Comp_OF_PR44A,-,,V20,K16,-,-,-
442,VSS,-,-,-,-,-,,-,-,-,-,-
443,VSS,-,-,-,-,-,,-,-,-,-,-
444,NC,-,-,-,-,-,,-,-,-,-,-
445,VCC,-,-,-,-,-,,-,-,40,-,-
446,PR42A,-,2,-,True_OF_PR42B,-,,U20,J17,-,-,-
447,PR42B,-,2,-,Comp_OF_PR42A,-,,T20,J16,-,-,-
448,NC,-,-,-,-,-,,-,-,-,-,-
449,VSS,-,-,-,-,-,,-,-,-,-,-
450,PR40A,-,2,-,True_OF_PR40B,-,,R17,J15,-,-,-
451,PR40B,-,2,-,Comp_OF_PR40A,-,,R18,J14,-,-,-
452,NC,-,-,-,-,-,,-,-,-,-,-
453,VSSIO2,VSS,-,-,-,-,,-,-,-,-,-
454,NC,-,-,-,-,-,,-,-,-,-,-
455,VCCIO2,-,2,-,-,-,,-,-,-,-,-
456,VCC,-,-,-,-,-,,-,-,-,-,-
459,VSS,-,-,-,-,-,,-,-,-,-,-
460,VSS,-,-,-,-,-,,-,-,-,-,-
463,VCCAUX,-,-,-,-,-,,-,-,-,-,-
464,NC,-,-,-,-,-,,-,-,-,-,-
465,VSS,-,-,-,-,-,,-,-,-,-,-
466,NC,-,-,-,-,-,,-,-,-,-,-
469,NC,-,-,-,-,-,,-,-,-,-,-
470,VCCIO2,-,2,-,-,-,,-,-,-,-,-
471,NC,-,-,-,-,-,,-,-,-,-,-
472,NC,-,-,-,-,-,,-,-,-,-,-
473,VSSIO2,VSS,-,-,-,-,,-,-,-,-,-
476,NC,-,-,-,-,-,,-,-,-,-,-
477,VCC,-,-,-,-,-,,-,-,-,-,-
478,VCC,-,-,-,-,-,,-,-,-,-,-
479,VSS,-,-,-,-,-,,-,-,-,-,-
482,NC,-,-,-,-,-,,-,-,-,-,-
483,VSS,-,-,-,-,-,,-,-,-,-,-
484,VCC,-,-,-,-,-,,-,-,-,-,-
485,NC,-,-,-,-,-,,-,-,-,-,-
488,NC,-,-,-,-,-,,-,-,-,-,-
489,VSS,-,-,-,-,-,,-,-,-,-,-
490,NC,-,-,-,-,-,,-,-,-,-,-
492,PR26B,-,2,-,Comp_OF_PR26A,-,,M15,H16,-,-,-
493,VSSIO2,VSS,-,-,-,-,,-,-,-,-,-
494,VCCIO2,-,2,-,-,-,,-,-,-,-,-
495,PR24A,-,2,-,True_OF_PR24B,-,,N14,G17,-,-,-
496,PR24B,-,2,-,Comp_OF_PR24A,-,,M14,H17,-,-,-
497,NC,-,-,-,-,-,,-,-,-,-,-
498,NC,-,-,-,-,-,,-,-,-,-,-
499,VSS,-,-,-,-,-,,-,-,-,-,-
501,PR20B,-,1,-,Comp_OF_PR20A,-,,L19,G10,-,-,-
502,VCCAUX,-,-,-,-,-,,-,-,-,-,-
503,VSS,-,-,-,-,-,,-,-,-,-,-
504,NC,-,-,-,-,-,,-,-,-,-,-
505,NC,-,-,-,-,-,,-,-,-,-,-
508,VCCIO1,-,1,-,-,-,,-,-,-,-,-
509,NC,-,-,-,-,-,,-,-,-,-,-
510,NC,-,-,-,-,-,,-,-,-,-,-
511,VSSIO1,VSS,-,-,-,-,,-,-,-,-,-
512,NC,-,-,-,-,-,,-,-,-,-,-
513,NC,-,-,-,-,-,,-,-,-,-,-
516,VCC,-,-,-,-,-,,-,-,-,-,-
517,VCC,-,-,-,-,-,,-,-,-,-,-
518,NC,-,-,-,-,-,,-,-,-,-,-
519,NC,-,-,-,-,-,,-,-,-,-,-
522,VSS,-,-,-,-,-,,-,-,-,-,-
523,VSS,-,-,-,-,-,,-,-,-,-,-
524,NC,-,-,-,-,-,,-,-,-,-,-
525,NC,-,-,-,-,-,,-,-,-,-,-
528,VCC,-,-,-,-,-,,-,-,-,-,-
529,NC,-,-,-,-,-,,-,-,-,-,-
530,NC,-,-,-,-,-,,-,-,-,-,-
531,VSS,-,-,-,-,-,,-,-,-,-,-
534,NC,-,-,-,-,-,,-,-,-,-,-
535,NC,-,-,-,-,-,,-,-,-,-,-
536,NC,-,-,-,-,-,,-,-,-,-,-
537,VSSIO1,VSS,-,-,-,-,,-,-,-,-,-
538,VCC,-,-,-,-,-,,-,-,-,-,-
539,VCCIO1,-,1,-,-,-,,-,-,-,-,-
540,NC,-,-,-,-,-,,-,-,-,-,-
541,NC,-,-,-,-,-,,-,-,-,-,-
544,VSS,-,-,-,-,-,,-,-,-,-,-
545,VSS,-,-,-,-,-,,-,-,-,-,-
546,NC,-,-,-,-,-,,-,-,-,-,-
549,NC,-,-,-,-,-,,-,-,-,-,-
550,VCCAUX,-,-,-,-,-,,-,-,47,-,-
551,NC,-,-,-,-,-,,-,-,-,-,-
552,VCCAUXA,VCCAUX,-,-,-,-,,-,-,47,-,-
553,NC,-,-,-,-,-,,-,-,-,-,-
554,NC,-,-,-,-,-,,-,-,-,-,-
555,VSS,-,-,-,-,-,,-,-,-,-,-
558,NC,-,-,-,-,-,,-,-,-,-,-
559,VCCIO1,-,1,-,-,-,,-,-,49,-,-
560,NC,-,-,-,-,-,,-,-,-,-,-
563,NC,-,-,-,-,-,,-,-,-,-,-
564,NC,-,-,-,-,-,,-,-,-,-,-
565,NC,-,-,-,-,-,,-,-,-,-,-
566,NC,-,-,-,-,-,,-,-,-,-,-
567,NC,-,-,-,-,-,,-,-,-,-,-
568,VSSIO1,VSS,-,-,-,-,,-,-,-,-,-
569,VCC,-,-,-,-,-,,-,-,-,-,-
570,NC,-,-,-,-,-,,-,-,-,-,-
573,VSS,-,-,-,-,-,,-,-,-,-,-
574,NC,-,-,-,-,-,,-,-,-,-,-
575,NC,-,-,-,-,-,,-,-,-,-,-
576,NC,-,-,-,-,-,,-,-,-,-,-
577,NC,-,-,-,-,-,,-,-,-,-,-
578,NC,-,-,-,-,-,,-,-,-,-,-
579,NC,-,-,-,-,-,,-,-,-,-,-
580,VCC,-,-,-,-,-,,-,-,-,-,-
581,VCC,-,-,-,-,-,,-,-,-,-,-
582,VSS,-,-,-,-,-,,-,-,-,-,-
583,VCC,-,-,-,-,-,,-,-,-,-,-
584,VSS,-,-,-,-,-,,-,-,-,-,-
585,VCCIO0,-,0,-,-,-,,-,-,54,-,-
587,VSSIO0,VSS,-,-,-,-,,-,-,-,-,-
588,NC,-,-,-,-,-,,-,-,-,-,-
591,VCC,-,-,-,-,-,,-,-,-,-,-
592,NC,-,-,-,-,-,,-,-,-,-,-
593,NC,-,-,-,-,-,,-,-,-,-,-
595,NC,-,-,-,-,-,,-,-,-,-,-
596,VSS,-,-,-,-,-,,-,-,-,-,-
598,NC,-,-,-,-,-,,-,-,-,-,-
599,NC,-,-,-,-,-,,-,-,-,-,-
600,NC,-,-,-,-,-,,-,-,-,-,-
601,NC,-,-,-,-,-,,-,-,-,-,-
603,VCC,-,-,-,-,-,,-,-,-,-,-
605,NC,-,-,-,-,-,,-,-,-,-,-
606,NC,-,-,-,-,-,,-,-,-,-,-
607,NC,-,-,-,-,-,,-,-,-,-,-
608,NC,-,-,-,-,-,,-,-,-,-,-
609,NC,-,-,-,-,-,,-,-,-,-,-
610,NC,-,-,-,-,-,,-,-,-,-,-
611,NC,-,-,-,-,-,,-,-,-,-,-
612,NC,-,-,-,-,-,,-,-,-,-,-
614,VSSIO0,VSS,-,-,-,-,,-,-,-,-,-
615,VCC,-,-,-,-,-,,-,-,-,-,-
616,VCCIO0,-,0,-,-,-,,-,-,-,-,-
618,VSS,-,-,-,-,-,,-,-,-,-,-
619,NC,-,-,-,-,-,,-,-,-,-,-
620,NC,-,-,-,-,-,,-,-,-,-,-
622,NC,-,-,-,-,-,,-,-,-,-,-
623,NC,-,-,-,-,-,,-,-,-,-,-
624,VSS,-,-,-,-,-,,-,-,-,-,-
626,NC,-,-,-,-,-,,-,-,-,-,-
627,NC,-,-,-,-,-,,-,-,-,-,-
628,NC,-,-,-,-,-,,-,-,-,-,-
629,NC,-,-,-,-,-,,-,-,-,-,-
630,VCCAUX,-,-,-,-,-,,-,-,-,-,-
632,VCC,-,-,-,-,-,,-,-,-,-,-
633,VSS,-,-,-,-,-,,-,-,-,-,-
634,VCCSD0,-,80,-,-,-,,-,-,-,-,-
635,NC,-,-,-,-,-,,-,-,-,-,-
636,VSSSD0,VSSSD,-,-,-,-,,-,-,-,-,-
637,NC,-,-,-,-,-,,-,-,-,-,-
639,VCCSD0,-,80,-,-,-,,-,-,-,-,-
640,NC,-,-,-,-,-,,-,-,-,-,-
642,NC,-,-,-,-,-,,-,-,-,-,-
643,VCCPLLSD0,-,80,-,-,-,,-,-,-,-,-
644,VSSSD0,VSSSD,-,-,-,-,,-,-,-,-,-
645,NC,-,-,-,-,-,,-,-,-,-,-
647,VCCSD0,-,80,-,-,-,,-,-,-,-,-
648,NC,-,-,-,-,-,,-,-,-,-,-
649,NC,-,-,-,-,-,,-,-,-,-,-
650,VCCPLLSD0,-,80,-,-,-,,-,-,-,-,-
651,VSSSD0,VSSSD,-,-,-,-,,-,-,-,-,-
652,VCCSD0,-,80,-,-,-,,-,-,-,-,-
653,NC,-,-,-,-,-,,-,-,-,-,-
654,NC,-,-,-,-,-,,-,-,-,-,-
657,VSSSD0,VSSSD,-,-,-,-,,-,-,-,-,-
658,NC,-,-,-,-,-,,-,-,-,-,-
660,NC,-,-,-,-,-,,-,-,-,-,-
661,VCCSD0,-,80,-,-,-,,-,-,-,-,-
662,NC,-,-,-,-,-,,-,-,-,-,-
663,VSSSD0,VSSSD,-,-,-,-,,-,-,-,-,-
664,NC,-,-,-,-,-,,-,-,-,-,-
665,NC,-,-,-,-,-,,-,-,-,-,-
666,VSSSD0,VSSSD,-,-,-,-,,-,-,-,-,-
667,NC,-,-,-,-,-,,-,-,-,-,-
668,SD0_REFCLKP,SD_REFCLKP,80,-,True_OF_SD0_REFCLKN,-,,-,-,-,-,-
669,SD0_REFCLKN,SD_REFCLKN,80,-,Comp_OF_SD0_REFCLKP,-,,-,-,-,-,-
670,VSS,-,-,-,-,-,,-,-,-,-,-
671,VCCAUXSD0,VCCAUXSD,80,-,-,-,,-,-,-,-,-
672,NC,-,-,-,-,-,,-,-,-,-,-
673,VCC,-,-,-,-,-,,-,-,-,-,-
674,VCC,-,-,-,-,-,,-,-,62,-,-
675,VSS,-,-,-,-,-,,-,-,-,-,-
676,NC,-,-,-,-,-,,-,-,-,-,-
677,NC,-,-,-,-,-,,-,-,-,-,-
678,NC,-,-,-,-,-,,-,-,-,-,-
679,NC,-,-,-,-,-,,-,-,-,-,-
680,VCCPLLDPHY1,-,61,-,-,-,,-,-,-,-,-
681,NC,-,-,-,-,-,,-,-,-,-,-
682,NC,-,-,-,-,-,,-,-,-,-,-
683,VSSPLLDPHY1,-,-,-,-,-,,-,-,-,-,-
685,NC,-,-,-,-,-,,-,-,-,-,-
686,VSSADPHY1,-,-,-,-,-,,-,-,-,-,-
688,NC,-,-,-,-,-,,-,-,-,-,-
689,VCCDPHY1,-,61,-,-,-,,-,-,-,-,-
691,NC,-,-,-,-,-,,-,-,-,-,-
692,VSSADPHY1,-,-,-,-,-,,-,-,-,-,-
694,NC,-,-,-,-,-,,-,-,-,-,-
695,VCCADPHY1,-,61,-,-,-,,-,-,-,-,-
697,NC,-,-,-,-,-,,-,-,-,-,-
698,VSSADPHY1,-,-,-,-,-,,-,-,-,-,-
700,NC,-,-,-,-,-,,-,-,-,-,-
701,VCCDPHY1,-,61,-,-,-,,-,-,-,-,-
703,NC,-,-,-,-,-,,-,-,-,-,-
704,VSSADPHY1,-,-,-,-,-,,-,-,-,-,-
706,NC,-,-,-,-,-,,-,-,-,-,-
707,VCCADPHY1,-,61,-,-,-,,-,-,-,-,-
708,NC,-,-,-,-,-,,-,-,-,-,-
710,VSS,-,-,-,-,-,,-,-,-,-,-
711,NC,-,-,-,-,-,,-,-,-,-,-
712,VSSADPHY1,-,-,-,-,-,,-,-,-,-,-
713,NC,-,-,-,-,-,,-,-,-,-,-
715,NC,-,-,-,-,-,,-,-,-,-,-
716,VCCDPHY1,-,61,-,-,-,,-,-,-,-,-
717,NC,-,-,-,-,-,,-,-,-,-,-
718,VCC,-,-,-,-,-,,-,-,-,-,-
719,VCC,-,-,-,-,-,,-,-,62,-,-
720,VSS,-,-,-,-,-,,-,-,-,-,-
721,NC,-,-,-,-,-,,-,-,-,-,-
722,NC,-,-,-,-,-,,-,-,-,-,-
723,NC,-,-,-,-,-,,-,-,-,-,-
724,VCCPLLDPHY0,-,60,-,-,-,,-,-,63,-,-
725,NC,-,-,-,-,-,,-,-,-,-,-
726,NC,-,-,-,-,-,,-,-,-,-,-
727,VSSPLLDPHY0,-,-,-,-,-,,-,-,-,-,-
729,NC,-,-,-,-,-,,-,-,-,-,-
730,VSSADPHY0,-,-,-,-,-,,-,-,-,-,-
732,NC,-,-,-,-,-,,-,-,-,-,-
733,VCCDPHY0,-,60,-,-,-,,-,-,-,-,-
735,NC,-,-,-,-,-,,-,-,-,-,-
736,VSSADPHY0,-,-,-,-,-,,-,-,-,-,-
738,NC,-,-,-,-,-,,-,-,-,-,-
739,VCCADPHY0,-,60,-,-,-,,-,-,-,-,-
741,NC,-,-,-,-,-,,-,-,-,-,-
742,VSSADPHY0,-,-,-,-,-,,-,-,-,-,-
743,NC,-,-,-,-,-,,-,-,-,-,-
745,VSS,-,-,-,-,-,,-,-,-,-,-
746,NC,-,-,-,-,-,,-,-,-,-,-
747,VCCDPHY0,-,60,-,-,-,,-,-,70,-,-
748,NC,-,-,-,-,-,,-,-,-,-,-
750,NC,-,-,-,-,-,,-,-,-,-,-
751,NC,-,-,-,-,-,,-,-,-,-,-
752,VSSADPHY0,-,-,-,-,-,,-,-,-,-,-
753,VCC,-,-,-,-,-,,-,-,-,-,-
755,NC,-,-,-,-,-,,-,-,-,-,-
756,NC,-,-,-,-,-,,-,-,-,-,-
757,VCCADPHY0,-,60,-,-,-,,-,-,71,-,-
759,NC,-,-,-,-,-,,-,-,-,-,-
760,VSSADPHY0,-,-,-,-,-,,-,-,-,-,-
762,NC,-,-,-,-,-,,-,-,-,-,-
763,VCCDPHY0,-,60,-,-,-,,-,-,72,-,-
764,VCC,-,-,-,-,-,,-,-,-,-,-
765,VSS,-,-,-,-,-,,-,-,-,-,-
0,NC,-,-,-,-,-,,-,-,-,-,-
0,VSS,-,-,-,-,-,,J10,K3,-,-,-
0,VSS,-,-,-,-,-,,K10,R3,-,-,-
0,VSS,-,-,-,-,-,,L10,A17,-,-,-
0,VSS,-,-,-,-,-,,M10,-,-,-,-
0,VSS,-,-,-,-,-,,G9,U1,-,-,-
0,VSS,-,-,-,-,-,,M9,-,-,-,-
0,VSS,-,-,-,-,-,,U9,-,-,-,-
0,VSS,-,-,-,-,-,,M8,-,-,-,-
0,VSS,-,-,-,-,-,,U8,-,-,-,-
0,VSS,-,-,-,-,-,,E6,-,-,-,-
0,VSS,-,-,-,-,-,,H4,-,-,-,-
0,VSS,-,-,-,-,-,,L4,-,-,-,-
0,VSS,-,-,-,-,-,,P4,-,-,-,-
0,VSS,-,-,-,-,-,,W3,-,-,-,-
0,VSS,-,-,-,-,-,,Y1,-,-,-,-
0,VCC,-,-,-,-,-,,F9,J8,-,-,-
0,VCC,-,-,-,-,-,,J9,-,-,-,-
0,VCC,-,-,-,-,-,,L9,-,-,-,-
0,VCCAUX,-,-,-,-,-,,K9,-,-,-,-
0,VCCIO0,-,0,-,-,-,,-,-,-,-,-
0,VCCIO1,-,1,-,-,-,,G17,F14,-,-,-
0,VCCIO1,-,1,-,-,-,,-,-,-,-,-
0,VCCIO2,-,2,-,-,-,,N17,K13,-,-,-
0,VCCIO2,-,2,-,-,-,,-,-,-,-,-
0,VCCIO3,-,3,-,-,-,,U13,R13,-,-,-
0,VCCIO3,-,3,-,-,-,,-,-,-,-,-
0,VCCIO4,-,4,-,-,-,,V8,T5,-,-,-
0,VCCIO4,-,4,-,-,-,,-,-,-,-,-
0,VCCIO5,-,5,-,-,-,,-,-,-,-,-
0,VCCIO5,-,5,-,-,-,,-,-,-,-,-
0,VCCIO6,-,6,-,-,-,,P3,L3,-,-,-
0,VCCIO6,-,6,-,-,-,,-,-,-,-,-
0,VCCIO7,-,7,-,-,-,,H3,G4,-,-,-
0,VCCIO7,-,7,-,-,-,,-,-,-,-,-
0,VSSADPHY,-,-,-,-,-,,-,G1,-,-,-
0,VSSADPHY,-,-,-,-,-,,-,-,-,-,-
0,VSSADPHY,-,-,-,-,-,,-,-,-,-,-
0,VSSADPHY,-,-,-,-,-,,-,-,-,-,-
0,VSSADPHY,-,-,-,-,-,,-,-,-,-,-
0,VSSADPHY,-,-,-,-,-,,-,-,-,-,-
0,VSSSD,-,-,-,-,-,,A17,A12,-,-,-
0,VSSSD,-,-,-,-,-,,C17,A9,-,-,-
0,VSSSD,-,-,-,-,-,,B16,C8,-,-,-
0,VSSSD,-,-,-,-,-,,C15,-,-,-,-
0,VSSSD,-,-,-,-,-,,A14,-,-,-,-
0,VSSSD,-,-,-,-,-,,B12,-,-,-,-
0,VSSSD,-,-,-,-,-,,A11,-,-,-,-
0,VSSSD,-,-,-,-,-,,-,-,-,-,-
0,VCCSD0,-,80,-,-,-,,B13,B9,-,-,-
0,VCCPLLSD0,-,80,-,-,-,,-,-,-,-,-
0,VSSADC,-,70,-,-,-,,R14,-,-,-,-
0,NC,-,-,-,-,-,,B20,-,-,-,-
0,NC,-,-,-,-,-,,C20,-,-,-,-
0,NC,-,-,-,-,-,,G20,-,-,-,-
0,NC,-,-,-,-,-,,H20,-,-,-,-
0,NC,-,-,-,-,-,,J20,-,-,-,-
0,NC,-,-,-,-,-,,K20,-,-,-,-
0,NC,-,-,-,-,-,,R20,-,-,-,-
0,NC,-,-,-,-,-,,A19,-,-,-,-
0,NC,-,-,-,-,-,,H19,-,-,-,-
0,NC,-,-,-,-,-,,J19,-,-,-,-
0,NC,-,-,-,-,-,,K19,-,-,-,-
0,NC,-,-,-,-,-,,R19,-,-,-,-
0,NC,-,-,-,-,-,,A18,-,-,-,-
0,NC,-,-,-,-,-,,B18,-,-,-,-
0,NC,-,-,-,-,-,,C18,-,-,-,-
0,NC,-,-,-,-,-,,D18,-,-,-,-
0,NC,-,-,-,-,-,,H18,-,-,-,-
0,NC,-,-,-,-,-,,K18,-,-,-,-
0,NC,-,-,-,-,-,,L18,-,-,-,-
0,NC,-,-,-,-,-,,B17,-,-,-,-
0,NC,-,-,-,-,-,,H17,-,-,-,-
0,NC,-,-,-,-,-,,K17,-,-,-,-
0,NC,-,-,-,-,-,,L17,-,-,-,-
0,NC,-,-,-,-,-,,C16,-,-,-,-
0,NC,-,-,-,-,-,,H16,-,-,-,-
0,NC,-,-,-,-,-,,J16,-,-,-,-
0,NC,-,-,-,-,-,,K16,-,-,-,-
0,NC,-,-,-,-,-,,P16,-,-,-,-
0,NC,-,-,-,-,-,,H15,-,-,-,-
0,NC,-,-,-,-,-,,J15,-,-,-,-
0,NC,-,-,-,-,-,,K15,-,-,-,-
0,NC,-,-,-,-,-,,P15,-,-,-,-
0,NC,-,-,-,-,-,,H14,-,-,-,-
0,NC,-,-,-,-,-,,J14,-,-,-,-
0,NC,-,-,-,-,-,,K14,-,-,-,-
0,NC,-,-,-,-,-,,H13,-,-,-,-
0,NC,-,-,-,-,-,,J13,-,-,-,-
0,NC,-,-,-,-,-,,K13,-,-,-,-
0,NC,-,-,-,-,-,,-,-,-,-,-
0,NC,-,-,-,-,-,,-,-,-,-,-
0,NC,-,-,-,-,-,,-,-,-,-,-
0,NC,-,-,-,-,-,,-,-,-,-,-
0,NC,-,-,-,-,-,,F8,-,-,-,-
0,NC,-,-,-,-,-,,G8,-,-,-,-
0,NC,-,-,-,-,-,,H8,-,-,-,-
0,NC,-,-,-,-,-,,J8,-,-,-,-
0,NC,-,-,-,-,-,,-,-,-,-,-
0,NC,-,-,-,-,-,,F7,-,-,-,-
0,NC,-,-,-,-,-,,G7,-,-,-,-
0,NC,-,-,-,-,-,,H7,-,-,-,-
0,NC,-,-,-,-,-,,J7,-,-,-,-
0,NC,-,-,-,-,-,,F6,-,-,-,-
0,NC,-,-,-,-,-,,G6,-,-,-,-
0,NC,-,-,-,-,-,,H6,-,-,-,-
0,NC,-,-,-,-,-,,J6,-,-,-,-
0,NC,-,-,-,-,-,,F5,-,-,-,-
0,NC,-,-,-,-,-,,G5,-,-,-,-
0,NC,-,-,-,-,-,,H5,-,-,-,-
0,NC,-,-,-,-,-,,J5,-,-,-,-
0,NC,-,-,-,-,-,,T5,-,-,-,-
0,NC,-,-,-,-,-,,U5,-,-,-,-
0,NC,-,-,-,-,-,,V5,-,-,-,-
0,NC,-,-,-,-,-,,F4,-,-,-,-
0,NC,-,-,-,-,-,,G4,-,-,-,-
0,NC,-,-,-,-,-,,J4,-,-,-,-
0,NC,-,-,-,-,-,,T4,-,-,-,-
0,NC,-,-,-,-,-,,U4,-,-,-,-
0,NC,-,-,-,-,-,,V4,-,-,-,-
0,NC,-,-,-,-,-,,W4,-,-,-,-
0,NC,-,-,-,-,-,,Y4,-,-,-,-
0,NC,-,-,-,-,-,,F3,-,-,-,-
0,NC,-,-,-,-,-,,G3,-,-,-,-
0,NC,-,-,-,-,-,,J3,-,-,-,-
0,NC,-,-,-,-,-,,N3,-,-,-,-
0,NC,-,-,-,-,-,,T3,-,-,-,-
0,NC,-,-,-,-,-,,U3,-,-,-,-
0,NC,-,-,-,-,-,,F2,-,-,-,-
0,NC,-,-,-,-,-,,G2,-,-,-,-
0,NC,-,-,-,-,-,,H2,-,-,-,-
0,NC,-,-,-,-,-,,N2,-,-,-,-
0,NC,-,-,-,-,-,,T2,-,-,-,-
0,NC,-,-,-,-,-,,U2,-,-,-,-
0,NC,-,-,-,-,-,,V2,-,-,-,-
0,NC,-,-,-,-,-,,W2,-,-,-,-
0,NC,-,-,-,-,-,,G1,-,-,-,-
0,NC,-,-,-,-,-,,H1,-,-,-,-
0,NC,-,-,-,-,-,,M1,-,-,-,-
0,NC,-,-,-,-,-,,N1,-,-,-,-
0,NC,-,-,-,-,-,,-,-,-,-,-
0,NC,-,-,-,-,-,,-,-,-,-,-
0,NC,-,-,-,-,-,,-,-,-,-,-
0,NC,-,-,-,-,-,,-,-,-,-,-
0,NC,-,-,-,-,-,,-,-,-,-,-
0,NC,-,-,-,-,-,,-,-,-,-,-
0,NC,-,-,-,-,-,,-,-,-,-,-
0,NC,-,-,-,-,-,,-,-,-,-,-
0,NC,-,-,-,-,-,,-,-,-,-,-
0,NC,-,-,-,-,-,,-,-,-,-,-
0,NC,-,-,-,-,-,,-,-,-,-,-
0,VSSADPHY,-,-,-,-,-,,E1,C3,-,-,A1
0,VSSSD,-,-,-,-,-,,C19,B11,-,-,A10
659,SD0_TXDN,-,80,-,Comp_OF_SD0_TXDP,-,,A12,A10,-,-,A11
656,SD0_TXDP,-,80,-,True_OF_SD0_TXDN,-,,A13,A11,-,-,A12
0,VSSSD,-,-,-,-,-,,B19,B13,-,-,A13
646,SD0_RXDN,-,80,-,Comp_OF_SD0_RXDP,-,,A15,A14,-,-,A14
641,SD0_RXDP,-,80,-,True_OF_SD0_RXDN,-,,A16,A13,-,-,A15
0,VSSSD,-,-,-,-,-,,A20,A15,-,-,A16
0,VCCPLLDPHY0,-,60,-,-,-,,B5,C4,-,C8,A2
709,DPHY1_DP2,-,61,-,True_OF_DPHY1_DN2,-,,A6,A2,-,A9,A3
702,DPHY1_DP0,-,61,-,True_OF_DPHY1_DN0,-,,A7,A3,-,A8,A4
696,DPHY1_CKP,-,61,-,True_OF_DPHY1_CKN,-,,A8,A4,-,A7,A5
690,DPHY1_DP1,-,61,-,True_OF_DPHY1_DN1,-,,A9,A5,-,A6,A6
684,DPHY1_DP3,-,61,-,True_OF_DPHY1_DN3,-,,A10,A6,-,A5,A7
0,VSSADPHY,-,-,-,-,-,,C10,A7,-,B4,A8
0,SD_REFCLKP,-,-,-,-,-,,C12,A8,-,-,A9
728,DPHY0_DP3,-,60,-,True_OF_DPHY0_DN3,-,,A4,B1,64,A11,B1
0,VSSSD,-,-,-,-,-,,D19,B10,-,-,B10
0,VCCAUXSD,-,80,-,-,-,,B11,C9,-,-,B11
655,SD0_REFRET,-,80,-,-,-,,B14,B12,-,-,B12
0,VCCPLLSD0,-,80,-,-,-,,C13,C11,-,-,B13
0,VSSSD,-,-,-,-,-,,D20,B14,-,-,B14
0,VCCSD0,-,80,-,-,-,,B15,C10,-,-,B15
617,PT76B,-,0,DONE,Comp_OF_PT76A,-,,D12,D14,58,D7,B16
731,DPHY0_DN3,-,60,-,Comp_OF_DPHY0_DP3,-,,B4,C2,65,A10,B2
714,DPHY1_DN2,-,61,-,Comp_OF_DPHY1_DP2,-,,B6,B2,-,B9,B3
705,DPHY1_DN0,-,61,-,Comp_OF_DPHY1_DP0,-,,B7,B3,-,B8,B4
699,DPHY1_CKN,-,61,-,Comp_OF_DPHY1_CKP,-,,B8,B4,-,B7,B5
693,DPHY1_DN1,-,61,-,Comp_OF_DPHY1_DP1,-,,B9,B5,-,B6,B6
687,DPHY1_DN3,-,61,-,Comp_OF_DPHY1_DP3,-,,B10,B6,-,B5,B7
0,VSSADPHY,-,-,-,-,-,,C8,E3,-,C5,B8
0,SD_REFCLKN,-,-,-,-,-,,C11,B8,-,-,B9
734,DPHY0_DP1,-,60,-,True_OF_DPHY0_DN1,-,,A3,C1,66,B11,C1
0,VSS,-,-,-,-,-,,W16,P14,-,J3,C10
638,SD0_REXT,-,80,-,-,-,,C14,C12,-,-,C11
625,PT74B,-,0,PROGRAMN,Comp_OF_PT74A,-,,E11,D13,60,D8,C12
590,PT82B,-,0,MCSNO/MSDO,Comp_OF_PT82A,-,,E16,B15,53,E3,C13
604,PT78B,-,0,MOSI/MD0,Comp_OF_PT78A,-,,D13,C13,57,D6,C14
613,PT78A,-,0,MCSN/PCLKT0_1,True_OF_PT78B,-,,E13,C14,56,E6,C15
621,PT76A,-,0,MCLK/PCLKT0_0,True_OF_PT76B,-,,E12,D16,59,E7,C16
737,DPHY0_DN1,-,60,-,Comp_OF_DPHY0_DP1,-,,B3,D2,67,B10,C2
0,VSSADPHY,-,-,-,-,-,,A5,G3,-,C9,C3
0,VCCDPHY0,-,60,-,-,-,,C4,D3,-,D9,C4
0,VCCPLLDPHY1,-,61,-,-,-,,C9,D8,-,C6,C5
0,VSSADPHY,-,-,-,-,-,,C6,C7,-,C7,C6
0,VCCDPHY1,-,61,-,-,-,,C5,C6,-,C4,C7
0,VCCADPHY1,-,61,-,-,-,,C7,B7,-,A4,C8
0,VSS,-,-,-,-,-,,T15,F13,-,-,C9
740,DPHY0_CKP,-,60,-,True_OF_DPHY0_CKN,-,,A2,D1,68,C11,D1
571,JTAG_EN,-,1,-,-,-,,E19,E17,50,A1,D10
631,PT74A,-,0,INITN,True_OF_PT74B,-,,D11,D12,61,E8,D11
594,PT82A,-,0,MD3,True_OF_PT82B,-,,D16,B16,52,E4,D12
0,VCCIO0,-,0,-,-,-,,E15,C15,-,D4,D13
0,VSS,-,-,-,-,-,,T19,F15,-,F3,D14
597,PT80B,-,0,MD2,Comp_OF_PT80A,-,,D14,C17,55,D5,D15
602,PT80A,-,0,MISO/MD1,True_OF_PT80B,-,,D15,C16,51,E5,D16
744,DPHY0_CKN,-,60,-,Comp_OF_DPHY0_CKP,-,,B1,E2,69,C10,D2
0,VSSADPHY,-,-,-,-,-,,C3,H2,-,F11,D3
12,PL3A,-,7,ULC_GPLL0T_IN,True_OF_PL3B,-,,D10,D7,-,-,D4
13,PL3B,-,7,ULC_GPLL0C_IN,Comp_OF_PL3A,-,,D9,D6,-,-,D5
17,PL4A,-,7,-,True_OF_PL4B,-,,D7,E7,-,-,D6
0,VCC,-,-,-,-,-,,L12,K9,-,-,D7
0,VSS,-,-,-,-,-,,V13,J9,-,-,D8
0,VCC,-,-,-,-,-,,J12,G9,-,F4,D9
749,DPHY0_DP0,-,60,-,True_OF_DPHY0_DN0,-,,B2,E1,4,D11,E1
562,PR4B,-,1,-,Comp_OF_PR4A,-,,G13,E15,-,-,E10
557,PR6B,-,1,TMS/SCSN,Comp_OF_PR6A,-,,F15,E13,48,B1,E11
556,PR6A,-,1,-,True_OF_PR6B,-,,F14,E14,-,-,E12
542,PR10A,-,1,-,True_OF_PR10B,-,,F18,-,-,-,E13
543,PR10B,-,1,TDO/SSO,Comp_OF_PR10A,-,,F19,E11,45,A2,E14
589,PT84A,-,0,-,True_OF_PT84B,-,,E18,A16,-,B3,E15
586,PT84B,-,0,-,Comp_OF_PT84A,-,,D17,B17,-,C3,E16
754,DPHY0_DN0,-,60,-,Comp_OF_DPHY0_DP0,-,,C1,F2,3,D10,E2
0,VCCADPHY0,-,60,-,-,-,,D2,F3,-,F10,E3
21,PL6A,-,7,-,True_OF_PL6B,-,,D6,D4,-,-,E4
22,PL6B,-,7,-,Comp_OF_PL6A,-,,D5,D5,-,-,E5
18,PL4B,-,7,-,Comp_OF_PL4A,-,,D8,E6,-,-,E6
0,VSS,-,-,-,-,-,,H11,H9,-,-,E7
0,VSS,-,-,-,-,-,,G12,D9,-,-,E8
561,PR4A,-,1,-,True_OF_PR4B,-,,F13,E16,-,-,E9
758,DPHY0_DP2,-,60,-,True_OF_DPHY0_DN2,-,,C2,F1,1,E11,F1
547,PR8A,-,1,-,True_OF_PR8B,-,,F16,-,-,-,F10
548,PR8B,-,1,TDI/SSI,Comp_OF_PR8A,-,,F17,E12,46,A3,F11
0,VSS,-,-,-,-,-,,G16,D15,-,H9,F12
0,VCCIO1,-,1,-,-,-,,J18,G14,-,D2,F13
526,PR13A,-,1,TCK/SCLK,True_OF_PR13B,-,,G18,F12,41,C1,F14
527,PR13B,-,1,-,Comp_OF_PR13A,-,,G19,F11,43,D1,F15
506,PR19A,-,1,PCLKT1_1,True_OF_PR19B,-,,L16,G13,-,F2,F16
761,DPHY0_DN2,-,60,-,Comp_OF_DPHY0_DP2,-,,D1,G2,2,E10,F2
0,VSSADPHY,-,-,-,-,-,,A1,C5,-,-,F3
64,PL19A,-,7,PCLKT7_1,True_OF_PL19B,-,,K2,G7,-,-,F4
0,VCCIO7,-,7,-,-,-,,E5,F4,-,-,F5
57,PL17A,-,7,PCLKT7_2,True_OF_PL17B,-,,J2,H3,-,-,F6
0,VCCAUXA,VCCAUX,-,-,-,-,,H12,E9,-,-,F7
0,VCCAUX,-,-,-,-,-,,K12,H10,-,G3,F8
572,PR3B,-,1,-,-,-,,E17,D17,-,-,F9
0,VSSADPHY,-,-,-,-,-,,-,A1,-,-,G1
533,PR11B,-,1,SCL/USER_SCL,Comp_OF_PR11A,-,,F20,F10,44,C2,G10
520,PR15A,-,1,-,True_OF_PR15B,-,,G14,F16,-,E2,G11
521,PR15B,-,1,-,Comp_OF_PR15A,-,,G15,F17,-,-,G12
514,PR17A,-,1,PCLKT1_2,True_OF_PR17B,-,,L13,G16,-,E1,G13
515,PR17B,-,1,-,Comp_OF_PR17A,-,,L14,G15,-,-,G14
500,PR20A,-,1,PCLKT1_0,True_OF_PR20B,-,,L20,G11,-,F1,G15
507,PR19B,-,1,-,Comp_OF_PR19A,-,,L15,G12,-,-,G16
0,VSS,-,-,-,-,-,,G10,K5,-,-,G2
70,PL20A,-,7,PCLKT7_0,True_OF_PL20B,-,,K3,H7,-,-,G3
65,PL19B,-,7,-,Comp_OF_PL19A,-,,K1,G6,-,-,G4
0,VSS,-,-,-,-,-,,L11,R6,-,-,G5
58,PL17B,-,7,-,Comp_OF_PL17A,-,,J1,H4,-,-,G6
0,VCCAUX,-,-,-,-,-,,H9,G8,-,-,G7
0,VSS,-,-,-,-,-,,M12,L9,-,-,G8
532,PR11A,-,1,SDA/USER_SDA,True_OF_PR11B,-,,E20,E10,42,B2,G9
84,PL27A,-,6,-,True_OF_PL27B,-,,L1,J7,-,-,H1
481,PR30B,-,2,-,Comp_OF_PR30A,-,,M18,H12,-,-,H10
480,PR30A,-,2,PCLKT2_0,True_OF_PR30B,-,,M17,H11,-,-,H11
475,PR32B,-,2,-,Comp_OF_PR32A,-,,M20,J10,-,-,H12
474,PR32A,-,2,PCLKT2_1,True_OF_PR32B,-,,M19,J11,-,-,H13
487,PR27B,-,2,-,Comp_OF_PR27A,-,,N16,H14,-,-,H14
486,PR27A,-,2,-,True_OF_PR27B,-,,N15,H13,-,-,H15
491,PR26A,-,2,-,True_OF_PR26B,-,,M16,H15,-,-,H16
85,PL27B,-,6,-,Comp_OF_PL27A,-,,L2,J6,-,-,H2
80,PL26B,-,6,-,Comp_OF_PL26A,-,,K8,H6,-,-,H3
79,PL26A,-,6,-,True_OF_PL26B,-,,K7,H5,-,-,H4
75,PL24B,-,6,-,Comp_OF_PL24A,-,,K6,J1,-,-,H5
74,PL24A,-,6,-,True_OF_PL24B,-,,K5,H1,-,-,H6
0,VCC,-,-,-,-,-,,N9,E8,-,-,H7
0,VSS,-,-,-,-,-,,F11,F9,-,-,H8
0,VSS,-,-,-,-,-,,E14,K12,-,-,H9
96,PL32A,-,6,PCLKT6_1,True_OF_PL32B,-,,L7,J4,-,-,J1
0,VCC,-,-,-,-,-,,F12,D11,-,E9,J10
461,PR36A,-,2,-,True_OF_PR36B,-,,P19,-,-,-,J11
462,PR36B,-,2,-,Comp_OF_PR36A,-,,P20,-,-,-,J12
0,VCCIO2,-,2,-,-,-,,U19,K14,-,-,J13
0,VSS,-,-,-,-,-,,N18,K15,-,F9,J14
468,PR34B,-,2,-,Comp_OF_PR34A,-,,N20,J12,-,-,J15
467,PR34A,-,2,PCLKT2_2,True_OF_PR34B,-,,N19,J13,-,-,J16
97,PL32B,-,6,-,Comp_OF_PL32A,-,,L8,J5,-,-,J2
0,VSS,-,-,-,-,-,,F10,F5,-,-,J3
0,VCCIO6,-,6,-,-,-,,L3,K4,-,-,J4
90,PL30B,-,6,-,Comp_OF_PL30A,-,,L6,J3,-,-,J5
89,PL30A,-,6,PCLKT6_0,True_OF_PL30B,-,,L5,J2,-,-,J6
0,VSS,-,-,-,-,-,,J11,R9,-,-,J7
0,VSS,-,-,-,-,-,,G11,F8,-,-,J8
0,VSS,-,-,-,-,-,,M13,D10,-,-,J9
103,PL34A,-,6,PCLKT6_2,True_OF_PL34B,-,,M2,K1,-,-,K1
0,VCCAUXH3,VCCAUX,-,-,-,-,,N12,M10,-,H3,K10
457,PR38A,-,2,-,True_OF_PR38B,-,,P17,-,-,-,K11
458,PR38B,-,2,-,Comp_OF_PR38A,-,,P18,-,-,-,K12
417,ADC_DN0,-,70,-,Comp_OF_ADC_DP0,-,,R16,L16,-,-,K13
419,ADC_DP0,-,70,-,True_OF_ADC_DN0,-,,T16,L15,-,-,K14
407,ADC_DP1,-,70,-,True_OF_ADC_DN1,-,,T17,L17,-,-,K15
408,ADC_DN1,-,70,-,Comp_OF_ADC_DP1,-,,U17,M17,-,-,K16
104,PL34B,-,6,-,Comp_OF_PL34A,-,,M3,K2,-,-,K2
111,PL36B,-,6,-,Comp_OF_PL36A,-,,M5,L2,-,-,K3
110,PL36A,-,6,-,True_OF_PL36B,-,,M4,L1,-,-,K4
116,PL38B,-,6,-,Comp_OF_PL38A,-,,M7,K7,-,-,K5
115,PL38A,-,6,-,True_OF_PL38B,-,,M6,K6,-,-,K6
200,PB10B,-,5,PCLKC5_2/ADC_CN2/COMP3N,Comp_OF_PB10A,TRUE,,R6,P2,20,L11,K7
0,VCCAUXH4,VCCAUX,-,-,-,-,,N10,M8,-,G6,K8
0,VCCECLK,VCC,-,-,-,-,,N11,L8,-,F8,K9
123,PL40A,-,6,-,True_OF_PL40B,-,,N4,L4,-,-,L1
380,PB80B,-,3,ADC_CN12,Comp_OF_PB80A,TRUE,BDQ76,U16,T16,-,-,L10
376,PB80A,-,3,ADC_CP12,True_OF_PB80B,TRUE,BDQ76,V17,T17,-,-,L11
390,PB82B,-,3,ADC_CN15,Comp_OF_PB82A,TRUE,BDQ76,W17,R16,-,-,L12
0,VSSADC,-,70,-,-,-,,-,N16,-,-,L13
0,VCCADC18,-,70,-,-,-,,R15,M16,-,-,L14
418,ADC_REFP0,-,70,-,-,-,,N13,L14,-,-,L15
406,ADC_REFP1,-,70,-,-,-,,P14,N17,-,-,L16
124,PL40B,-,6,-,Comp_OF_PL40A,-,,N5,L5,-,-,L2
146,PL47B,-,6,-,Comp_OF_PL47A,-,,R2,N2,-,-,L3
139,PL46A,-,6,-,True_OF_PL46B,-,,P5,M1,-,-,L4
140,PL46B,-,6,-,Comp_OF_PL46A,-,,P6,M2,-,-,L5
191,PB10A,-,5,PCLKT5_2/ADC_CP2/COMP3P,True_OF_PB10B,TRUE,,R5,R2,19,K11,L6
187,PB8A,-,5,PCLKT5_1/LLC_GPLL0T_IN/ADC_CP3,True_OF_PB8B,TRUE,,Y2,T2,11,J11,L7
260,PB34A,-,4,-,True_OF_PB34B,TRUE,BDQ38,P10,P7,-,-,L8
264,PB34B,-,4,-,Comp_OF_PB34A,TRUE,BDQ38,R10,N7,-,-,L9
129,PL42A,-,6,-,True_OF_PL42B,-,,N6,L7,-,-,M1
294,PB46A,-,4,-,True_OF_PB46B,TRUE,BDQ38,P11,M9,-,-,M10
375,PB78B,-,3,ADC_CN11,Comp_OF_PB78A,TRUE,BDQ76,V16,U16,-,-,M11
369,PB78A,-,3,ADC_CP11,True_OF_PB78B,TRUE,BDQ76,U15,U15,-,-,M12
383,PB82A,-,3,ADC_CP15,True_OF_PB82B,TRUE,BDQ76,Y17,R17,-,-,M13
360,PB74A,-,3,PCLKT3_3/ADC_CP14,True_OF_PB74B,TRUE,BDQ76,T13,P15,33,H1,M14
395,PB84B,-,3,LRC_GPLL0C_IN/VREF3_2,Comp_OF_PB84A,TRUE,BDQ76,Y18,P17,37,G1,M15
391,PB84A,-,3,LRC_GPLL0T_IN,True_OF_PB84B,TRUE,BDQ76,W18,P16,36,G2,M16
130,PL42B,-,6,-,Comp_OF_PL42A,-,,N7,L6,-,-,M2
145,PL47A,-,6,-,True_OF_PL47B,-,,R1,N3,-,-,M3
186,PB6B,-,5,PCLKC5_0/CDR_RXN1/ADC_CN1/COMP2N,Comp_OF_PB6A,TRUE,,W1,R1,15,H10,M4
0,VSS,-,-,-,-,-,,M11,M7,-,-,M5
0,VCCAUXH5,VCCAUX,-,-,-,-,,N8,M6,-,G9,M6
190,PB8B,-,5,PCLKC5_1/LLC_GPLL0C_IN/ADC_CN3,Comp_OF_PB8A,TRUE,,Y3,U2,10,J10,M7
277,PB38B,-,4,-,Comp_OF_PB38A,TRUE,BDQSN38,Y9,U10,-,-,M8
271,PB38A,-,4,-,True_OF_PB38B,TRUE,BDQS38,W9,U9,-,-,M9
150,PL49B,-,6,-,Comp_OF_PL49A,-,,R4,N1,-,-,N1
298,PB46B,-,4,VREF4_2,Comp_OF_PB46A,TRUE,BDQ38,R11,N10,-,-,N10
334,PB64B,-,3,ADC_CN4,Comp_OF_PB64A,TRUE,BDQ60,P12,N13,-,-,N11
330,PB64A,-,3,ADC_CP4,True_OF_PB64B,TRUE,BDQ60,R12,N12,-,-,N12
351,PB70B,-,3,COMP2IN,Comp_OF_PB70A,TRUE,BDQ76,R13,M14,-,-,N13
363,PB74B,-,3,PCLKC3_3/ADC_CN14,Comp_OF_PB74A,TRUE,BDQ76,T14,N15,34,H2,N14
370,PB76B,-,3,COMP3IN,Comp_OF_PB76A,TRUE,BDQSN76,Y16,T15,-,-,N15
364,PB76A,-,3,COMP3IP,True_OF_PB76B,TRUE,BDQS76,Y15,R15,-,-,N16
149,PL49A,-,6,-,True_OF_PL49B,-,,R3,P1,-,-,N2
178,PB4B,-,5,CDR_RXN0/ADC_CN0/COMP1N,Comp_OF_PB4A,TRUE,,T1,M5,13,G10,N3
179,PB6A,-,5,PCLKT5_0/CDR_RXP1/ADC_CP1/COMP2P,True_OF_PB6B,TRUE,,V1,T1,16,H11,N4
0,VCCIO5,-,5,-,-,-,,V3,P3,-,J9,N5
0,VCCIO4,-,4,-,-,-,,T9,R8,-,J6,N6
0,VSS,-,-,-,-,-,,K11,K8,-,-,N7
267,PB36A,-,4,-,True_OF_PB36B,TRUE,BDQ38,W8,P8,-,-,N8
270,PB36B,-,4,-,Comp_OF_PB36A,TRUE,BDQ38,V9,N8,-,-,N9
199,PB12A,-,5,PCLKT5_3,True_OF_PB12B,TRUE,,Y5,T3,9,L10,P1
305,PB56A,-,3,ADC_CP7,True_OF_PB56B,TRUE,BDQ60,V11,P10,-,J4,P10
304,PB54B,-,3,PCLKC3_0/ADC_CN5,Comp_OF_PB54A,TRUE,BDQ60,Y11,R12,23,L3,P11
0,VCCIO3,-,3,-,-,-,,V15,P13,-,K3,P12
0,VSS,-,-,-,-,-,,J17,R14,-,H6,P13
349,PB70A,-,3,COMP2IP,True_OF_PB70B,TRUE,BDQ76,P13,M13,-,-,P14
352,PB72A,-,3,PCLKT3_2/ADC_CP13,True_OF_PB72B,TRUE,BDQ76,W14,N14,30,J1,P15
358,PB72B,-,3,PCLKC3_2/ADC_CN13,Comp_OF_PB72A,TRUE,BDQ76,W15,M15,31,J2,P16
205,PB12B,-,5,PCLKC5_3/VREF5_2,Comp_OF_PB12A,TRUE,,W5,U3,8,K10,P2
173,PB4A,-,5,CDR_RXP0/VREF5_1/ADC_CP0/COMP1P,True_OF_PB4B,TRUE,,U1,N4,14,G11,P3
240,PB24B,-,4,PCLKC4_2,Comp_OF_PB24A,TRUE,BDQ22,V7,T6,-,F6,P4
236,PB22B,-,4,-,Comp_OF_PB22A,TRUE,BDQSN22,Y6,U5,-,G8,P5
257,PB32A,-,4,-,True_OF_PB32B,TRUE,BDQ38,R9,T8,-,F5,P6
259,PB32B,-,4,-,Comp_OF_PB32A,TRUE,BDQ38,P9,T9,-,G5,P7
286,PB42B,-,4,-,Comp_OF_PB42A,TRUE,BDQ38,V10,N9,-,-,P8
293,PB44B,-,4,PCLKC4_0,Comp_OF_PB44A,TRUE,BDQ38,Y10,U11,-,K5,P9
213,PB16A,-,4,VREF4_1,True_OF_PB16B,TRUE,BDQ22,T6,R5,-,L9,R1
310,PB56B,-,3,ADC_CN7,Comp_OF_PB56A,TRUE,BDQ60,U11,N11,-,K4,R10
300,PB54A,-,3,PCLKT3_0/VREF3_1/ADC_CP5,True_OF_PB54B,TRUE,BDQ60,W11,R11,22,L4,R11
317,PB60A,-,3,ADC_CP9,True_OF_PB60B,TRUE,BDQS60,W13,P11,-,L2,R12
323,PB62A,-,3,ADC_CP10,True_OF_PB62B,TRUE,BDQ60,U12,T12,-,-,R13
329,PB62B,-,3,ADC_CN10,Comp_OF_PB62A,TRUE,BDQ60,T12,T13,-,-,R14
346,PB68B,-,3,ADC_CN8,Comp_OF_PB68A,TRUE,BDQ60,U14,U14,28,K2,R15
343,PB68A,-,3,ADC_CP8,True_OF_PB68B,TRUE,BDQ60,V14,T14,27,K1,R16
215,PB16B,-,4,-,Comp_OF_PB16A,TRUE,BDQ22,U6,T4,-,K9,R2
216,PB18A,-,4,PCLKT4_3,True_OF_PB18B,TRUE,BDQ22,R7,R4,-,J8,R3
235,PB24A,-,4,PCLKT4_2,True_OF_PB24B,TRUE,BDQ22,W7,U6,-,F7,R4
231,PB22A,-,4,-,True_OF_PB22B,TRUE,BDQS22,W6,U4,-,G7,R5
244,PB26B,-,4,-,Comp_OF_PB26A,TRUE,BDQ22,P8,P6,-,L7,R6
251,PB28B,-,4,-,Comp_OF_PB28A,TRUE,BDQ22,T8,U8,-,J7,R7
283,PB42A,-,4,-,True_OF_PB42B,TRUE,BDQ38,U10,P9,-,-,R8
289,PB44A,-,4,PCLKT4_0,True_OF_PB44B,TRUE,BDQ38,W10,T11,-,L5,R9
0,VSS,-,-,-,-,-,,H10,G5,-,-,T1
282,PB40B,-,4,PCLKC4_1,Comp_OF_PB40A,TRUE,BDQ38,T11,R10,-,J5,T10
316,PB58B,-,3,PCLKC3_1/ADC_CN6,Comp_OF_PB58A,TRUE,BDQ60,W12,M11,25,H4,T11
312,PB58A,-,3,PCLKT3_1/ADC_CP6,True_OF_PB58B,TRUE,BDQ60,Y12,M12,24,G4,T12
324,PB60B,-,3,ADC_CN9,Comp_OF_PB60A,TRUE,BDQSN60,V12,P12,-,L1,T13
338,PB66A,-,3,COMP1IP,True_OF_PB66B,TRUE,BDQ60,Y13,U13,-,-,T14
342,PB66B,-,3,COMP1IN,Comp_OF_PB66A,TRUE,BDQ60,Y14,U12,-,-,T15
0,VSS,-,-,-,-,-,,Y20,U17,-,D3,T16
222,PB18B,-,4,PCLKC4_3,Comp_OF_PB18A,TRUE,BDQ22,T7,P4,-,K8,T2
225,PB20A,-,4,-,True_OF_PB20B,TRUE,BDQ22,V6,N5,-,H8,T3
229,PB20B,-,4,-,Comp_OF_PB20A,TRUE,BDQ22,U7,P5,-,H7,T4
241,PB26A,-,4,-,True_OF_PB26B,TRUE,BDQ22,P7,N6,-,L8,T5
246,PB28A,-,4,-,True_OF_PB28B,TRUE,BDQ22,R8,U7,-,K7,T6
252,PB30A,-,4,-,True_OF_PB30B,TRUE,BDQ22,Y7,T7,-,L6,T7
254,PB30B,-,4,-,Comp_OF_PB30A,TRUE,BDQ22,Y8,R7,-,K6,T8
276,PB40A,-,4,PCLKT4_1,True_OF_PB40B,TRUE,BDQ38,T10,T10,-,H5,T9
